experiment_filename,original_filename,subcategory,category,memorability_score,type
highmem_1.jpg,n03594945_8657.jpg,SUV,vehicle,0.896551724137931,highmem
highmem_2.jpg,000000267136.jpg,SUV,vehicle,0.860869565217391,highmem
lowmem_1.jpg,000000526071.jpg,SUV,vehicle,0.476635514018692,lowmem
lowmem_2.jpg,n03594945_6393.jpg,SUV,vehicle,0.406779661016949,lowmem
highmem_3.jpg,000000486233.jpg,airplane,vehicle,0.912621359223301,highmem
highmem_4.jpg,000000423231.jpg,airplane,vehicle,0.887640449438202,highmem
lowmem_3.jpg,000000150181.jpg,airplane,vehicle,0.514563106796116,lowmem
lowmem_4.jpg,000000352151.jpg,airplane,vehicle,0.416666666666667,lowmem
highmem_5.jpg,000000282583.jpg,apple,food,0.894230769230769,highmem
highmem_6.jpg,000000094514.jpg,apple,food,0.888888888888889,highmem
lowmem_5.jpg,000000087383.jpg,apple,food,0.677777777777778,lowmem
lowmem_6.jpg,000000286751.jpg,apple,food,0.535087719298246,lowmem
highmem_7.jpg,8797c6121f65e4e3.jpg,badlands,landscape,0.875,highmem
highmem_8.jpg,f3de0d72febbe17f.jpg,badlands,landscape,0.8125,highmem
lowmem_7.jpg,sun_attunurkvvvrpksl.jpg,badlands,landscape,0.26,lowmem
lowmem_8.jpg,sun_bmoouvnnsnxypsla.jpg,badlands,landscape,0.207920792079208,lowmem
highmem_9.jpg,n07693725_3177.jpg,bagel,food,0.943820224719101,highmem
highmem_10.jpg,n07693725_6372.jpg,bagel,food,0.912087912087912,highmem
lowmem_9.jpg,n07693725_8448.jpg,bagel,food,0.670454545454545,lowmem
lowmem_10.jpg,n07693725_3536.jpg,bagel,food,0.588888888888889,lowmem
highmem_11.jpg,n07753592_11382.jpg,banana,food,0.967741935483871,highmem
highmem_12.jpg,000000504554.jpg,banana,food,0.94949494949495,highmem
lowmem_11.jpg,000000009768.jpg,banana,food,0.69,lowmem
lowmem_12.jpg,n07753592_2021.jpg,banana,food,0.663366336633663,lowmem
highmem_13.jpg,n07654148_13921.jpg,barbecue,food,0.94,highmem
highmem_14.jpg,n07654148_20099.jpg,barbecue,food,0.933962264150943,highmem
lowmem_13.jpg,n07654148_16788.jpg,barbecue,food,0.57843137254902,lowmem
lowmem_14.jpg,n07654148_12782.jpg,barbecue,food,0.544444444444444,lowmem
highmem_15.jpg,n02793495_4187.jpg,barn,landscape,0.822222222222222,highmem
highmem_16.jpg,n02793495_16251.jpg,barn,landscape,0.80952380952381,highmem
lowmem_15.jpg,n02793495_15347.jpg,barn,landscape,0.391304347826087,lowmem
lowmem_16.jpg,n02793495_2078.jpg,barn,landscape,0.36734693877551,lowmem
highmem_17.jpg,000000303250.jpg,bear,animal,0.884210526315789,highmem
highmem_18.jpg,000000327159.jpg,bear,animal,0.878787878787879,highmem
lowmem_17.jpg,000000474543.jpg,bear,animal,0.517241379310345,lowmem
lowmem_18.jpg,000000313412.jpg,bear,animal,0.48,lowmem
highmem_19.jpg,n07720875_1697.jpg,bell pepper,food,0.957894736842105,highmem
highmem_20.jpg,n07720875_5177.jpg,bell pepper,food,0.936363636363636,highmem
lowmem_19.jpg,n07720875_10162.jpg,bell pepper,food,0.69047619047619,lowmem
lowmem_20.jpg,n07720875_7739.jpg,bell pepper,food,0.643478260869565,lowmem
highmem_21.jpg,n02834778_7050.jpg,bicycle,vehicle,0.926315789473684,highmem
highmem_22.jpg,000000249815.jpg,bicycle,vehicle,0.914893617021277,highmem
lowmem_21.jpg,n02834778_3171.jpg,bicycle,vehicle,0.592307692307692,lowmem
lowmem_22.jpg,n02834778_4359.jpg,bicycle,vehicle,0.411764705882353,lowmem
highmem_23.jpg,n07679356_30714.jpg,bread,food,0.935483870967742,highmem
highmem_24.jpg,n07680932_26289.jpg,bread,food,0.929411764705882,highmem
lowmem_23.jpg,n07680932_19004.jpg,bread,food,0.66,lowmem
lowmem_24.jpg,n07679356_28936.jpg,bread,food,0.607142857142857,lowmem
highmem_25.jpg,n07574602_27391.jpg,breakfast,food,0.918367346938776,highmem
highmem_26.jpg,n07574602_25237.jpg,breakfast,food,0.914893617021277,highmem
lowmem_25.jpg,n07574602_26959.jpg,breakfast,food,0.551724137931034,lowmem
lowmem_26.jpg,000000491888.jpg,breakfast,food,0.423076923076923,lowmem
highmem_27.jpg,000000118543.jpg,broccoli,food,0.918181818181818,highmem
highmem_28.jpg,000000558809.jpg,broccoli,food,0.907407407407407,highmem
lowmem_27.jpg,000000370399.jpg,broccoli,food,0.594059405940594,lowmem
lowmem_28.jpg,000000197597.jpg,broccoli,food,0.561797752808989,lowmem
highmem_29.jpg,n07880968_155.jpg,burrito,food,0.954022988505747,highmem
highmem_30.jpg,n07880968_6026.jpg,burrito,food,0.917647058823529,highmem
lowmem_29.jpg,n07880968_3005.jpg,burrito,food,0.656565656565657,lowmem
lowmem_30.jpg,n07880968_6256.jpg,burrito,food,0.617021276595745,lowmem
highmem_31.jpg,000000282631.jpg,bus,vehicle,0.89622641509434,highmem
highmem_32.jpg,000000331198.jpg,bus,vehicle,0.89622641509434,highmem
lowmem_31.jpg,n02924116_76766.jpg,bus,vehicle,0.551724137931034,lowmem
lowmem_32.jpg,000000302964.jpg,bus,vehicle,0.510869565217391,lowmem
highmem_33.jpg,n07717556_3949.jpg,butternut squash,food,0.948453608247423,highmem
highmem_34.jpg,n07717556_2632.jpg,butternut squash,food,0.942857142857143,highmem
lowmem_33.jpg,n07717556_4254.jpg,butternut squash,food,0.694736842105263,lowmem
lowmem_34.jpg,n07717556_5513.jpg,butternut squash,food,0.663716814159292,lowmem
highmem_35.jpg,n02934451_22981.jpg,cable car,vehicle,0.842696629213483,highmem
highmem_36.jpg,n04231693_24662.jpg,cable car,vehicle,0.83695652173913,highmem
lowmem_35.jpg,n02934451_1210.jpg,cable car,vehicle,0.479166666666667,lowmem
lowmem_36.jpg,n04231693_3038.jpg,cable car,vehicle,0.466019417475728,lowmem
highmem_37.jpg,000000038701.jpg,cake,food,0.963414634146341,highmem
highmem_38.jpg,n07594066_3110.jpg,cake,food,0.959183673469388,highmem
lowmem_37.jpg,n07801508_1807.jpg,cake,food,0.681159420289855,lowmem
lowmem_38.jpg,n07801508_15792.jpg,cake,food,0.576086956521739,lowmem
highmem_39.jpg,n02946348_11646.jpg,camper,vehicle,0.894736842105263,highmem
highmem_40.jpg,n02946348_11195.jpg,camper,vehicle,0.892156862745098,highmem
lowmem_39.jpg,n02946348_29473.jpg,camper,vehicle,0.591666666666667,lowmem
lowmem_40.jpg,n02946348_30836.jpg,camper,vehicle,0.584158415841584,lowmem
highmem_41.jpg,n04166281_2258.jpg,car,vehicle,0.868131868131868,highmem
highmem_42.jpg,n04166281_5699.jpg,car,vehicle,0.862745098039216,highmem
lowmem_41.jpg,000000449872.jpg,car,vehicle,0.475728155339806,lowmem
lowmem_42.jpg,000000409126.jpg,car,vehicle,0.469879518072289,lowmem
highmem_43.jpg,000000543264.jpg,cat,animal,0.97752808988764,highmem
highmem_44.jpg,000000352117.jpg,cat,animal,0.968421052631579,highmem
lowmem_43.jpg,000000382710.jpg,cat,animal,0.692307692307692,lowmem
lowmem_44.jpg,000000117407.jpg,cat,animal,0.685714285714286,lowmem
highmem_45.jpg,n07893642_22875.jpg,champagne,food,0.925,highmem
highmem_46.jpg,n07893642_28634.jpg,champagne,food,0.91588785046729,highmem
lowmem_45.jpg,n07893642_12155.jpg,champagne,food,0.696078431372549,lowmem
lowmem_46.jpg,n07893642_27662.jpg,champagne,food,0.675675675675676,lowmem
highmem_47.jpg,n07850329_13013.jpg,cheese,food,0.948453608247423,highmem
highmem_48.jpg,n07850329_18623.jpg,cheese,food,0.932203389830508,highmem
lowmem_47.jpg,n07850329_19678.jpg,cheese,food,0.643410852713178,lowmem
lowmem_48.jpg,n07850329_8115.jpg,cheese,food,0.626262626262626,lowmem
highmem_49.jpg,n01514668_10672.jpg,chicken,animal,0.881188118811881,highmem
highmem_50.jpg,n01514859_6849.jpg,chicken,animal,0.881188118811881,highmem
lowmem_49.jpg,n01792955_2693.jpg,chicken,animal,0.551724137931034,lowmem
lowmem_50.jpg,n01514859_10423.jpg,chicken,animal,0.537634408602151,lowmem
highmem_51.jpg,n07911677_3536.jpg,cocktail,food,0.935483870967742,highmem
highmem_52.jpg,n07911677_964.jpg,cocktail,food,0.913461538461538,highmem
lowmem_51.jpg,n07911677_742.jpg,cocktail,food,0.684210526315789,lowmem
lowmem_52.jpg,n07911677_10420.jpg,cocktail,food,0.669724770642202,lowmem
highmem_53.jpg,n07929519_33050.jpg,coffee,food,0.962264150943396,highmem
highmem_54.jpg,n07929519_34325.jpg,coffee,food,0.905405405405405,highmem
lowmem_53.jpg,n07929519_33136.jpg,coffee,food,0.663265306122449,lowmem
lowmem_54.jpg,n07929519_32468.jpg,coffee,food,0.659090909090909,lowmem
highmem_55.jpg,000000373153.jpg,cow,animal,0.911111111111111,highmem
highmem_56.jpg,000000447684.jpg,cow,animal,0.905263157894737,highmem
lowmem_55.jpg,000000067082.jpg,cow,animal,0.413461538461538,lowmem
lowmem_56.jpg,000000363067.jpg,cow,animal,0.392156862745098,lowmem
highmem_57.jpg,e9b2d88b44dc398f.jpg,creek,landscape,0.714285714285714,highmem
highmem_58.jpg,57325acb63287b6e.jpg,creek,landscape,0.696969696969697,highmem
lowmem_57.jpg,sun_auldcjwiqhhhwcld.jpg,creek,landscape,0.280487804878049,lowmem
lowmem_58.jpg,sun_aruzhowbjizakxna.jpg,creek,landscape,0.28,lowmem
highmem_59.jpg,n02430045_5804.jpg,deer,animal,0.846153846153846,highmem
highmem_60.jpg,n02430045_4675.jpg,deer,animal,0.840909090909091,highmem
lowmem_59.jpg,n02434954_5115.jpg,deer,animal,0.49,lowmem
lowmem_60.jpg,n02431441_12391.jpg,deer,animal,0.407766990291262,lowmem
highmem_61.jpg,n09270735_11686.jpg,desert,landscape,0.888888888888889,highmem
highmem_62.jpg,n09270735_5926.jpg,desert,landscape,0.838383838383838,highmem
lowmem_61.jpg,sun_argapbxamkdubgcw.jpg,desert,landscape,0.32967032967033,lowmem
lowmem_62.jpg,sun_ayyysrlyzcgxgato.jpg,desert,landscape,0.311827956989247,lowmem
highmem_63.jpg,n02087551_12257.jpg,dog,animal,0.964285714285714,highmem
highmem_64.jpg,n02091831_1565.jpg,dog,animal,0.952380952380952,highmem
lowmem_63.jpg,000000432752.jpg,dog,animal,0.614678899082569,lowmem
lowmem_64.jpg,n02089973_1846.jpg,dog,animal,0.605042016806723,lowmem
highmem_65.jpg,000000332724.jpg,donut,food,0.975,highmem
highmem_66.jpg,000000244846.jpg,donut,food,0.950980392156863,highmem
lowmem_65.jpg,000000402658.jpg,donut,food,0.727272727272727,lowmem
lowmem_66.jpg,000000097778.jpg,donut,food,0.662921348314607,lowmem
highmem_67.jpg,n01846331_8672.jpg,duck,animal,0.897196261682243,highmem
highmem_68.jpg,n01846331_14535.jpg,duck,animal,0.866666666666667,highmem
lowmem_67.jpg,n01846331_5989.jpg,duck,animal,0.505376344086022,lowmem
lowmem_68.jpg,n01846331_10856.jpg,duck,animal,0.5,lowmem
highmem_69.jpg,000000547131.jpg,elephant,animal,0.941747572815534,highmem
highmem_70.jpg,000000127647.jpg,elephant,animal,0.891089108910891,highmem
lowmem_69.jpg,000000293751.jpg,elephant,animal,0.514285714285714,lowmem
lowmem_70.jpg,000000465324.jpg,elephant,animal,0.470588235294118,lowmem
highmem_71.jpg,n09393605_15838.jpg,field,landscape,0.883495145631068,highmem
highmem_72.jpg,sun_aaylzyqlqrsmfwif.jpg,field,landscape,0.87037037037037,highmem
lowmem_71.jpg,n09393605_32817.jpg,field,landscape,0.247787610619469,lowmem
lowmem_72.jpg,n09393605_10919.jpg,field,landscape,0.243697478991597,lowmem
highmem_73.jpg,n03351262_5274.jpg,fishing boat,vehicle,0.785714285714286,highmem
highmem_74.jpg,n03351262_4056.jpg,fishing boat,vehicle,0.747663551401869,highmem
lowmem_73.jpg,n03351262_5778.jpg,fishing boat,vehicle,0.391304347826087,lowmem
lowmem_74.jpg,n03351262_797.jpg,fishing boat,vehicle,0.385542168674699,lowmem
highmem_75.jpg,sun_axsxcmrepgxeeyxh.jpg,forest (broadleaf),landscape,0.772727272727273,highmem
highmem_76.jpg,5a26c909a910c9d9.jpg,forest (broadleaf),landscape,0.752475247524752,highmem
lowmem_75.jpg,sun_aendsxsqysoknyst.jpg,forest (broadleaf),landscape,0.213592233009709,lowmem
lowmem_76.jpg,sun_augxrcssyuvvueda.jpg,forest (broadleaf),landscape,0.197674418604651,lowmem
highmem_77.jpg,sun_arvbnkbvvdcnqdgw.jpg,forest (needleleaf),landscape,0.67032967032967,highmem
highmem_78.jpg,56e041b89d9a9838.jpg,forest (needleleaf),landscape,0.654320987654321,highmem
lowmem_77.jpg,sun_akuzxstcblvhmomk.jpg,forest (needleleaf),landscape,0.254716981132075,lowmem
lowmem_78.jpg,sun_ahhlccroxiadjixl.jpg,forest (needleleaf),landscape,0.207547169811321,lowmem
highmem_79.jpg,n03384352_12186.jpg,forklift,vehicle,0.85981308411215,highmem
highmem_80.jpg,n03384352_3478.jpg,forklift,vehicle,0.855670103092783,highmem
lowmem_79.jpg,n03384352_2517.jpg,forklift,vehicle,0.456521739130435,lowmem
lowmem_80.jpg,n03384352_149.jpg,forklift,vehicle,0.442307692307692,lowmem
highmem_81.jpg,n02118333_7588.jpg,fox,animal,0.945652173913043,highmem
highmem_82.jpg,n02118333_6867.jpg,fox,animal,0.926605504587156,highmem
lowmem_81.jpg,n02118333_344.jpg,fox,animal,0.615384615384615,lowmem
lowmem_82.jpg,n02118333_10217.jpg,fox,animal,0.595505617977528,lowmem
highmem_83.jpg,n02878222_21494.jpg,freighter,vehicle,0.84375,highmem
highmem_84.jpg,n02878222_11521.jpg,freighter,vehicle,0.833333333333333,highmem
lowmem_83.jpg,n02878222_23049.jpg,freighter,vehicle,0.389473684210526,lowmem
lowmem_84.jpg,n02878222_49964.jpg,freighter,vehicle,0.363636363636364,lowmem
highmem_85.jpg,n09288635_13284.jpg,geyser,landscape,0.858823529411765,highmem
highmem_86.jpg,n09288635_13817.jpg,geyser,landscape,0.85,highmem
lowmem_85.jpg,n09288635_24858.jpg,geyser,landscape,0.372881355932203,lowmem
lowmem_86.jpg,n09288635_11510.jpg,geyser,landscape,0.351851851851852,lowmem
highmem_87.jpg,000000429407.jpg,giraffe,animal,0.893203883495146,highmem
highmem_88.jpg,000000459451.jpg,giraffe,animal,0.870967741935484,highmem
lowmem_87.jpg,000000564580.jpg,giraffe,animal,0.535714285714286,lowmem
lowmem_88.jpg,000000201698.jpg,giraffe,animal,0.527472527472527,lowmem
highmem_89.jpg,n07838073_7705.jpg,gravy,food,0.916666666666667,highmem
highmem_90.jpg,n07838073_15091.jpg,gravy,food,0.897959183673469,highmem
lowmem_89.jpg,n07838073_11107.jpg,gravy,food,0.504950495049505,lowmem
lowmem_90.jpg,n07838073_15549.jpg,gravy,food,0.478632478632479,lowmem
highmem_91.jpg,n02342885_13398.jpg,hamster,animal,0.938775510204082,highmem
highmem_92.jpg,n02342885_11450.jpg,hamster,animal,0.928571428571429,highmem
lowmem_91.jpg,n02342885_13161.jpg,hamster,animal,0.638888888888889,lowmem
lowmem_92.jpg,n02342885_4273.jpg,hamster,animal,0.623655913978495,lowmem
highmem_93.jpg,n03512147_4278.jpg,helicopter,vehicle,0.880434782608696,highmem
highmem_94.jpg,n03512147_6768.jpg,helicopter,vehicle,0.860215053763441,highmem
lowmem_93.jpg,n03512147_1461.jpg,helicopter,vehicle,0.53125,lowmem
lowmem_94.jpg,n03512147_4628.jpg,helicopter,vehicle,0.509615384615385,lowmem
highmem_95.jpg,000000073669.jpg,horse,animal,0.902912621359223,highmem
highmem_96.jpg,000000458705.jpg,horse,animal,0.882882882882883,highmem
lowmem_95.jpg,000000196344.jpg,horse,animal,0.445652173913043,lowmem
lowmem_96.jpg,000000427763.jpg,horse,animal,0.405940594059406,lowmem
highmem_97.jpg,n03541923_1152.jpg,hot-air balloon,vehicle,0.927835051546392,highmem
highmem_98.jpg,n03541923_1299.jpg,hot-air balloon,vehicle,0.888888888888889,highmem
lowmem_97.jpg,n03541923_2537.jpg,hot-air balloon,vehicle,0.594827586206897,lowmem
lowmem_98.jpg,n03541923_2351.jpg,hot-air balloon,vehicle,0.558823529411765,lowmem
highmem_99.jpg,000000339295.jpg,hotdog,food,0.943181818181818,highmem
highmem_100.jpg,n07697537_22000.jpg,hotdog,food,0.943181818181818,highmem
lowmem_99.jpg,000000185614.jpg,hotdog,food,0.561224489795918,lowmem
lowmem_100.jpg,000000252198.jpg,hotdog,food,0.495575221238938,lowmem
highmem_101.jpg,n09308572_5194.jpg,icescape,landscape,0.839622641509434,highmem
highmem_102.jpg,n09289331_1551.jpg,icescape,landscape,0.822429906542056,highmem
lowmem_101.jpg,n09289331_7730.jpg,icescape,landscape,0.279279279279279,lowmem
lowmem_102.jpg,n09289331_7811.jpg,icescape,landscape,0.274725274725275,lowmem
highmem_103.jpg,n07923748_2669.jpg,juice,food,0.908163265306122,highmem
highmem_104.jpg,n07923748_1538.jpg,juice,food,0.905263157894737,highmem
lowmem_103.jpg,n07923748_1476.jpg,juice,food,0.669642857142857,lowmem
lowmem_104.jpg,n07923748_1856.jpg,juice,food,0.649484536082474,lowmem
highmem_105.jpg,5b9c255e8e71e864.jpg,jungle,landscape,0.868421052631579,highmem
highmem_106.jpg,2a0f8b40b7b25bcc.jpg,jungle,landscape,0.843478260869565,highmem
lowmem_105.jpg,c9a18643266fb7a8.jpg,jungle,landscape,0.346666666666667,lowmem
lowmem_106.jpg,954ef758d906cb65.jpg,jungle,landscape,0.322916666666667,lowmem
highmem_107.jpg,n03634034_2654.jpg,lake,landscape,0.786407766990291,highmem
highmem_108.jpg,1531af1a07329fe2.jpg,lake,landscape,0.766666666666667,highmem
lowmem_107.jpg,n03634034_7346.jpg,lake,landscape,0.21,lowmem
lowmem_108.jpg,sun_acgqrysmhvkbzwyo.jpg,lake,landscape,0.144067796610169,lowmem
highmem_109.jpg,n03670208_25070.jpg,limousine,vehicle,0.906976744186046,highmem
highmem_110.jpg,n03670208_5831.jpg,limousine,vehicle,0.9,highmem
lowmem_109.jpg,n03670208_10575.jpg,limousine,vehicle,0.597826086956522,lowmem
lowmem_110.jpg,n03670208_5002.jpg,limousine,vehicle,0.5,lowmem
highmem_111.jpg,n02129165_11516.jpg,lion,animal,0.941747572815534,highmem
highmem_112.jpg,n02129165_13292.jpg,lion,animal,0.902912621359223,highmem
lowmem_111.jpg,n02129165_743.jpg,lion,animal,0.588888888888889,lowmem
lowmem_112.jpg,n02129165_1456.jpg,lion,animal,0.558823529411765,lowmem
highmem_113.jpg,n12345899_7731.jpg,mangrove,landscape,0.852631578947368,highmem
highmem_114.jpg,n12345899_16261.jpg,mangrove,landscape,0.831578947368421,highmem
lowmem_113.jpg,n12345899_17348.jpg,mangrove,landscape,0.398058252427184,lowmem
lowmem_114.jpg,n12345899_7590.jpg,mangrove,landscape,0.389380530973451,lowmem
highmem_115.jpg,n02450034_10783.jpg,marten,animal,0.852631578947368,highmem
highmem_116.jpg,n02450034_5650.jpg,marten,animal,0.852173913043478,highmem
lowmem_115.jpg,n02450034_10349.jpg,marten,animal,0.515789473684211,lowmem
lowmem_116.jpg,n02450034_5956.jpg,marten,animal,0.451923076923077,lowmem
highmem_117.jpg,n07711569_5653.jpg,mashed potato,food,0.931034482758621,highmem
highmem_118.jpg,n07711569_1823.jpg,mashed potato,food,0.888888888888889,highmem
lowmem_117.jpg,n07711569_2131.jpg,mashed potato,food,0.5,lowmem
lowmem_118.jpg,n07711569_1286.jpg,mashed potato,food,0.427184466019417,lowmem
highmem_119.jpg,sun_awtxtsuiqihltaao.jpg,moor,landscape,0.643564356435644,highmem
highmem_120.jpg,sun_bkehzrazsqlpoues.jpg,moor,landscape,0.464646464646465,highmem
lowmem_119.jpg,sun_bntcgmzpfvbsrugd.jpg,moor,landscape,0.415841584158416,lowmem
lowmem_120.jpg,sun_afhmafwoarfodhar.jpg,moor,landscape,0.372340425531915,lowmem
highmem_121.jpg,000000496939.jpg,motorcycle,vehicle,0.839285714285714,highmem
highmem_122.jpg,n03790512_12426.jpg,motorcycle,vehicle,0.824175824175824,highmem
lowmem_121.jpg,n03790512_4315.jpg,motorcycle,vehicle,0.553191489361702,lowmem
lowmem_122.jpg,000000445218.jpg,motorcycle,vehicle,0.53125,lowmem
highmem_123.jpg,n09303008_22139.jpg,mountain,landscape,0.855670103092783,highmem
highmem_124.jpg,n09359803_36040.jpg,mountain,landscape,0.720430107526882,highmem
lowmem_123.jpg,n09359803_30807.jpg,mountain,landscape,0.232323232323232,lowmem
lowmem_124.jpg,n09359803_14054.jpg,mountain,landscape,0.161764705882353,lowmem
highmem_125.jpg,n02332755_3073.jpg,mouse,animal,0.938775510204082,highmem
highmem_126.jpg,n02332755_9999.jpg,mouse,animal,0.927272727272727,highmem
lowmem_125.jpg,n02332755_7916.jpg,mouse,animal,0.581818181818182,lowmem
lowmem_126.jpg,n02332755_4209.jpg,mouse,animal,0.548387096774194,lowmem
highmem_127.jpg,n07690273_21379.jpg,muffin,food,0.917431192660551,highmem
highmem_128.jpg,n07690273_22169.jpg,muffin,food,0.91304347826087,highmem
lowmem_127.jpg,n07690273_20791.jpg,muffin,food,0.706521739130435,lowmem
lowmem_128.jpg,n07690273_20374.jpg,muffin,food,0.67741935483871,lowmem
highmem_129.jpg,000000219523.jpg,orange,food,0.946808510638298,highmem
highmem_130.jpg,000000518954.jpg,orange,food,0.918367346938776,highmem
lowmem_129.jpg,000000457050.jpg,orange,food,0.616822429906542,lowmem
lowmem_130.jpg,000000233366.jpg,orange,food,0.547368421052632,lowmem
highmem_131.jpg,n07863374_16769.jpg,pasta,food,0.955752212389381,highmem
highmem_132.jpg,n07863374_16698.jpg,pasta,food,0.927083333333333,highmem
lowmem_131.jpg,n07863374_15528.jpg,pasta,food,0.636363636363636,lowmem
lowmem_132.jpg,n07863374_15623.jpg,pasta,food,0.516129032258065,lowmem
highmem_133.jpg,n07801091_50536.jpg,pasture,landscape,0.80188679245283,highmem
highmem_134.jpg,n07801091_55107.jpg,pasture,landscape,0.725490196078431,highmem
lowmem_133.jpg,sun_aojptgnradlhzcmw.jpg,pasture,landscape,0.279569892473118,lowmem
lowmem_134.jpg,n07801091_66989.jpg,pasture,landscape,0.266666666666667,lowmem
highmem_135.jpg,n01811909_13587.jpg,pigeon,animal,0.883495145631068,highmem
highmem_136.jpg,n01811909_3965.jpg,pigeon,animal,0.860215053763441,highmem
lowmem_135.jpg,n01811909_10933.jpg,pigeon,animal,0.5,lowmem
lowmem_136.jpg,n01811909_4219.jpg,pigeon,animal,0.470588235294118,lowmem
highmem_137.jpg,000000135694.jpg,pizza,food,0.9375,highmem
highmem_138.jpg,000000369584.jpg,pizza,food,0.936842105263158,highmem
lowmem_137.jpg,000000259491.jpg,pizza,food,0.663551401869159,lowmem
lowmem_138.jpg,000000083619.jpg,pizza,food,0.636363636363636,lowmem
highmem_139.jpg,ad4514d57db0f8cf.jpg,plantation,landscape,0.860215053763441,highmem
highmem_140.jpg,8368df58858084dd.jpg,plantation,landscape,0.840425531914894,highmem
lowmem_139.jpg,6a71ffc629306ddb.jpg,plantation,landscape,0.27,lowmem
lowmem_140.jpg,25bed79c007ca4ef.jpg,plantation,landscape,0.257425742574257,lowmem
highmem_141.jpg,n02932891_20947.jpg,pleasure boat,vehicle,0.752293577981651,highmem
highmem_142.jpg,n02932891_29563.jpg,pleasure boat,vehicle,0.728155339805825,highmem
lowmem_141.jpg,n02932891_17508.jpg,pleasure boat,vehicle,0.393939393939394,lowmem
lowmem_142.jpg,n02932891_15330.jpg,pleasure boat,vehicle,0.356435643564356,lowmem
highmem_143.jpg,n02324045_28693.jpg,rabbit,animal,0.913461538461538,highmem
highmem_144.jpg,n02324045_15673.jpg,rabbit,animal,0.880733944954128,highmem
lowmem_143.jpg,n02324045_22810.jpg,rabbit,animal,0.570093457943925,lowmem
lowmem_144.jpg,n02324045_7703.jpg,rabbit,animal,0.56701030927835,lowmem
highmem_145.jpg,n09415671_15736.jpg,river,landscape,0.763440860215054,highmem
highmem_146.jpg,n09415671_12093.jpg,river,landscape,0.697916666666667,highmem
lowmem_145.jpg,n09415671_5306.jpg,river,landscape,0.25531914893617,lowmem
lowmem_146.jpg,n09415671_17246.jpg,river,landscape,0.216494845360825,lowmem
highmem_147.jpg,n07806221_22340.jpg,salad,food,0.895833333333333,highmem
highmem_148.jpg,n07806221_23535.jpg,salad,food,0.876288659793814,highmem
lowmem_147.jpg,n07806221_24095.jpg,salad,food,0.554455445544555,lowmem
lowmem_148.jpg,n07806221_24612.jpg,salad,food,0.517647058823529,lowmem
highmem_149.jpg,000000448923.jpg,sandwich,food,0.933962264150943,highmem
highmem_150.jpg,000000033633.jpg,sandwich,food,0.914285714285714,highmem
lowmem_149.jpg,000000116572.jpg,sandwich,food,0.594202898550725,lowmem
lowmem_150.jpg,n07696625_1403.jpg,sandwich,food,0.564814814814815,lowmem
highmem_151.jpg,103210451eebd2f5.jpg,savanna,landscape,0.910714285714286,highmem
highmem_152.jpg,f289e75ca547ea1a.jpg,savanna,landscape,0.720338983050847,highmem
lowmem_151.jpg,d24a3c9f1ee2c89f.jpg,savanna,landscape,0.283018867924528,lowmem
lowmem_152.jpg,99bcf6128cb5d909.jpg,savanna,landscape,0.257425742574257,lowmem
highmem_153.jpg,n03791053_8113.jpg,scooter,vehicle,0.911111111111111,highmem
highmem_154.jpg,n03791053_9730.jpg,scooter,vehicle,0.901234567901235,highmem
lowmem_153.jpg,n03791053_7039.jpg,scooter,vehicle,0.552631578947368,lowmem
lowmem_154.jpg,n03791053_10242.jpg,scooter,vehicle,0.525773195876289,lowmem
highmem_155.jpg,n09376198_9918.jpg,sea,landscape,0.801980198019802,highmem
highmem_156.jpg,n09376198_21281.jpg,sea,landscape,0.780487804878049,highmem
lowmem_155.jpg,n09376198_35698.jpg,sea,landscape,0.274509803921569,lowmem
lowmem_156.jpg,n09376198_7849.jpg,sea,landscape,0.252631578947368,lowmem
highmem_157.jpg,000000438200.jpg,sheep,animal,0.91578947368421,highmem
highmem_158.jpg,000000117965.jpg,sheep,animal,0.906779661016949,highmem
lowmem_157.jpg,000000185530.jpg,sheep,animal,0.442105263157895,lowmem
lowmem_158.jpg,000000079545.jpg,sheep,animal,0.333333333333333,lowmem
highmem_159.jpg,n09217230_4382.jpg,shore,landscape,0.843478260869565,highmem
highmem_160.jpg,n09428293_36393.jpg,shore,landscape,0.826923076923077,highmem
lowmem_159.jpg,n09428293_42620.jpg,shore,landscape,0.333333333333333,lowmem
lowmem_160.jpg,n09421951_1478.jpg,shore,landscape,0.222222222222222,lowmem
highmem_161.jpg,n04252077_3698.jpg,snowmobile,vehicle,0.834782608695652,highmem
highmem_162.jpg,n04252077_4506.jpg,snowmobile,vehicle,0.747474747474748,highmem
lowmem_161.jpg,n04252077_3731.jpg,snowmobile,vehicle,0.518181818181818,lowmem
lowmem_162.jpg,n04252077_762.jpg,snowmobile,vehicle,0.51219512195122,lowmem
highmem_163.jpg,df1a1069546aaebe.jpg,snowscape,landscape,0.771428571428571,highmem
highmem_164.jpg,sun_ahxzmmzdtjzohvyj.jpg,snowscape,landscape,0.761061946902655,highmem
lowmem_163.jpg,sun_aukiwgmfpeqonurb.jpg,snowscape,landscape,0.25,lowmem
lowmem_164.jpg,sun_afopyurpnywisbmw.jpg,snowscape,landscape,0.244897959183673,lowmem
highmem_165.jpg,n07583197_6797.jpg,soup,food,0.941747572815534,highmem
highmem_166.jpg,n07583197_5599.jpg,soup,food,0.9,highmem
lowmem_165.jpg,n07583197_1236.jpg,soup,food,0.63953488372093,lowmem
lowmem_166.jpg,n07583197_6829.jpg,soup,food,0.586206896551724,lowmem
highmem_167.jpg,n02355227_13518.jpg,squirrel,animal,0.933333333333333,highmem
highmem_168.jpg,n02355227_13730.jpg,squirrel,animal,0.879032258064516,highmem
lowmem_167.jpg,n02355227_15095.jpg,squirrel,animal,0.552083333333333,lowmem
lowmem_168.jpg,n02355227_7784.jpg,squirrel,animal,0.540229885057471,lowmem
highmem_169.jpg,n04349306_8198.jpg,subway train,vehicle,0.941860465116279,highmem
highmem_170.jpg,n04349306_6718.jpg,subway train,vehicle,0.892156862745098,highmem
lowmem_169.jpg,n04349306_54.jpg,subway train,vehicle,0.6,lowmem
lowmem_170.jpg,n04349306_4982.jpg,subway train,vehicle,0.545454545454545,lowmem
highmem_171.jpg,n07933274_30681.jpg,tea,food,0.957983193277311,highmem
highmem_172.jpg,n07933274_34426.jpg,tea,food,0.923076923076923,highmem
lowmem_171.jpg,n07933274_32615.jpg,tea,food,0.495049504950495,lowmem
lowmem_172.jpg,n07933274_32238.jpg,tea,food,0.471153846153846,lowmem
highmem_173.jpg,n04461696_6636.jpg,tow truck,vehicle,0.875,highmem
highmem_174.jpg,n04461696_3232.jpg,tow truck,vehicle,0.868686868686869,highmem
lowmem_173.jpg,n04461696_1440.jpg,tow truck,vehicle,0.465346534653465,lowmem
lowmem_174.jpg,n04461696_3102.jpg,tow truck,vehicle,0.280898876404494,lowmem
highmem_175.jpg,n04465501_7646.jpg,tractor,vehicle,0.881188118811881,highmem
highmem_176.jpg,n04465501_2168.jpg,tractor,vehicle,0.875,highmem
lowmem_175.jpg,n04465501_13294.jpg,tractor,vehicle,0.534090909090909,lowmem
lowmem_176.jpg,n04465501_122.jpg,tractor,vehicle,0.521276595744681,lowmem
highmem_177.jpg,000000555267.jpg,train,vehicle,0.86734693877551,highmem
highmem_178.jpg,000000068063.jpg,train,vehicle,0.846153846153846,highmem
lowmem_177.jpg,000000246095.jpg,train,vehicle,0.504672897196262,lowmem
lowmem_178.jpg,000000074533.jpg,train,vehicle,0.472527472527473,lowmem
highmem_179.jpg,n04335435_25710.jpg,tram,vehicle,0.851063829787234,highmem
highmem_180.jpg,000000117515.jpg,tram,vehicle,0.817204301075269,highmem
lowmem_179.jpg,n04335435_23559.jpg,tram,vehicle,0.494845360824742,lowmem
lowmem_180.jpg,n04335435_7223.jpg,tram,vehicle,0.440860215053763,lowmem
highmem_181.jpg,n04467665_3211.jpg,truck,vehicle,0.838709677419355,highmem
highmem_182.jpg,000000457766.jpg,truck,vehicle,0.835164835164835,highmem
lowmem_181.jpg,n04467665_48953.jpg,truck,vehicle,0.413461538461538,lowmem
lowmem_182.jpg,000000358266.jpg,truck,vehicle,0.39622641509434,lowmem
highmem_183.jpg,sun_avauwsvpzzujahyj.jpg,tundra,landscape,0.847826086956522,highmem
highmem_184.jpg,350146445a1383f8.jpg,tundra,landscape,0.531914893617021,highmem
lowmem_183.jpg,sun_andjgmkvgepklowz.jpg,tundra,landscape,0.319587628865979,lowmem
lowmem_184.jpg,sun_aysvauwwrhbjujnn.jpg,tundra,landscape,0.305263157894737,lowmem
highmem_185.jpg,n09468604_57366.jpg,valley,landscape,0.83,highmem
highmem_186.jpg,n09468604_89593.jpg,valley,landscape,0.828828828828829,highmem
lowmem_185.jpg,n09468604_22268.jpg,valley,landscape,0.263157894736842,lowmem
lowmem_186.jpg,n09468604_22272.jpg,valley,landscape,0.2,lowmem
highmem_187.jpg,n09472597_4921.jpg,volcano,landscape,0.773584905660377,highmem
highmem_188.jpg,n09472597_31092.jpg,volcano,landscape,0.767441860465116,highmem
lowmem_187.jpg,n09472597_21205.jpg,volcano,landscape,0.298076923076923,lowmem
lowmem_188.jpg,n09472597_40484.jpg,volcano,landscape,0.274509803921569,lowmem
highmem_189.jpg,sun_bsncxbgeurpzwnse.jpg,waterfall,landscape,0.81,highmem
highmem_190.jpg,sun_bngquulvvnytlqxq.jpg,waterfall,landscape,0.717171717171717,highmem
lowmem_189.jpg,sun_aeqvxsrjzbspqkaf.jpg,waterfall,landscape,0.361904761904762,lowmem
lowmem_190.jpg,sun_btpaxygvjiqfrsvs.jpg,waterfall,landscape,0.324074074074074,lowmem
highmem_191.jpg,2b08282fb15a689b.jpg,wetland,landscape,0.7,highmem
highmem_192.jpg,fc19beae7ab242a5.jpg,wetland,landscape,0.666666666666667,highmem
lowmem_191.jpg,48e5771d92691ae3.jpg,wetland,landscape,0.218390804597701,lowmem
lowmem_192.jpg,54401066098de1aa.jpg,wetland,landscape,0.179775280898876,lowmem
highmem_193.jpg,n02396427_18185.jpg,wild boar,animal,0.904109589041096,highmem
highmem_194.jpg,n02396427_10722.jpg,wild boar,animal,0.877777777777778,highmem
lowmem_193.jpg,n02396427_23932.jpg,wild boar,animal,0.516129032258065,lowmem
lowmem_194.jpg,n02396427_941.jpg,wild boar,animal,0.462962962962963,lowmem
highmem_195.jpg,n04587559_11329.jpg,windmill,landscape,0.833333333333333,highmem
highmem_196.jpg,n04587559_11228.jpg,windmill,landscape,0.804123711340206,highmem
lowmem_195.jpg,n04587559_11217.jpg,windmill,landscape,0.484210526315789,lowmem
lowmem_196.jpg,n04587559_11688.jpg,windmill,landscape,0.414634146341463,lowmem
highmem_197.jpg,n04610013_17480.jpg,yacht,vehicle,0.846153846153846,highmem
highmem_198.jpg,n04610013_17257.jpg,yacht,vehicle,0.759615384615385,highmem
lowmem_197.jpg,n04610013_751.jpg,yacht,vehicle,0.4,lowmem
lowmem_198.jpg,n04610013_11493.jpg,yacht,vehicle,0.333333333333333,lowmem
highmem_199.jpg,n07849336_26281.jpg,yogurt,food,0.946808510638298,highmem
highmem_200.jpg,n07849336_20401.jpg,yogurt,food,0.944444444444444,highmem
lowmem_199.jpg,n07849336_28787.jpg,yogurt,food,0.647058823529412,lowmem
lowmem_200.jpg,n07849336_20909.jpg,yogurt,food,0.494949494949495,lowmem
highmem_201.jpg,000000451263.jpg,zebra,animal,0.842696629213483,highmem
highmem_202.jpg,000000569599.jpg,zebra,animal,0.820754716981132,highmem
lowmem_201.jpg,000000154770.jpg,zebra,animal,0.554455445544555,lowmem
lowmem_202.jpg,000000312205.jpg,zebra,animal,0.537190082644628,lowmem
highmem_203.jpg,n07716358_9840.jpg,zucchini,food,0.963302752293578,highmem
highmem_204.jpg,n07716358_18492.jpg,zucchini,food,0.936936936936937,highmem
lowmem_203.jpg,n07716358_19627.jpg,zucchini,food,0.707865168539326,lowmem
lowmem_204.jpg,n07716358_10251.jpg,zucchini,food,0.640449438202247,lowmem
